arquivo,tipo_documento,subtipo,criterio
"gen_n1_001.txt","peça processual","memorial","Título 'MEMORIAL' apresentado pela Defensoria Pública"
"gen_n1_002.txt","pronunciamento judicial","decisão monocrática","Título 'DECISÃO MONOCRÁTICA' e redação decisória do gabinete"
"gen_n1_003.txt","peça processual","contrarrazões ao recurso especial","Título expresso 'CONTRARRAZÕES AO RECURSO ESPECIAL'"
"gen_n1_004.txt","manifestação ministerial","parecer do Ministério Público Militar","Título 'PARECER' e emissor Ministério Público Militar"
"gen_n1_005.txt","peça processual","contrarrazões ao recurso especial","Título expresso 'CONTRARRAZÕES AO RECURSO ESPECIAL'"
"gen_n1_006.txt","manifestação ministerial","parecer do Ministério Público Eleitoral","Título 'PARECER' e emissor Ministério Público Eleitoral"
"gen_n1_007.txt","peça processual","memorial","Título expresso 'MEMORIAL'"
"gen_n1_008.txt","pronunciamento judicial colegiado","acórdão trabalhista","Título 'ACÓRDÃO' emitido por Tribunal Regional do Trabalho"
"gen_n1_009.txt","peça processual recursal","agravo interno","Título expresso 'AGRAVO INTERNO'"
"gen_n1_010.txt","peça processual","memorial","Título expresso 'MEMORIAL'"
"gen_n1_011.txt","peça processual recursal","agravo regimental em habeas corpus","Título expresso 'AGRAVO REGIMENTAL EM HABEAS CORPUS'"
"gen_n1_012.txt","pronunciamento judicial colegiado","acórdão trabalhista","Título 'ACÓRDÃO' emitido por Tribunal Regional do Trabalho"
"gen_n1_013.txt","peça processual recursal","recurso especial eleitoral","Título expresso 'RECURSO ESPECIAL ELEITORAL'"
"gen_n2_001.txt","peça processual recursal","agravo regimental em habeas corpus","Título expresso 'AGRAVO REGIMENTAL EM HABEAS CORPUS'"
"gen_n2_002.txt","pronunciamento judicial","decisão monocrática","Título 'DECISÃO MONOCRÁTICA' e redação decisória do gabinete"
"gen_n2_003.txt","pronunciamento judicial colegiado","acórdão trabalhista","Título 'ACÓRDÃO' emitido por Tribunal Regional do Trabalho"
"gen_n2_004.txt","manifestação ministerial","parecer do Ministério Público Eleitoral","Título 'PARECER' e emissor Ministério Público Eleitoral"
"gen_n2_005.txt","pronunciamento judicial colegiado","acórdão trabalhista","Título 'ACÓRDÃO' emitido por Tribunal Regional do Trabalho"
"gen_n2_006.txt","manifestação ministerial","parecer do Ministério Público Eleitoral","Título 'PARECER' e emissor Ministério Público Eleitoral"
"gen_n2_007.txt","manifestação ministerial","parecer do Ministério Público Militar","Título 'PARECER' e emissor Ministério Público Militar"
"gen_n2_008.txt","pronunciamento judicial","decisão monocrática","Título 'DECISÃO MONOCRÁTICA' e redação decisória do gabinete"
"gen_n2_009.txt","manifestação ministerial","parecer do Ministério Público Federal","Título 'PARECER' e emissor Ministério Público Federal"
"gen_n2_010.txt","parecer jurídico","consulta jurídica","Título 'PARECER JURÍDICO' e estrutura de consultoria"
"gen_n2_011.txt","peça processual recursal","agravo interno","Título expresso 'AGRAVO INTERNO'"
"gen_n2_012.txt","peça processual","memorial","Título expresso 'MEMORIAL'"
"gen_n2_013.txt","peça processual recursal","razões de apelação","Título expresso 'RAZÕES DE APELAÇÃO'"
